id                                                                  ,f2                ,prauc             ,precision          ,recall            ,f                 ,rocauc            ,sens              ,spec              ,brier              ,true_positives,false_negatives,false_positives,true_negatives
aggregation:::MODE_PRESENCE:::LABEL_H:::SYMP_TRUE:::CV_TRUE/sample15,0.7174556213017753,0.6227396180473825,0.42543859649122806,0.8660714285714286,0.5705882352941177,0.8191658512720157,0.8660714285714286,0.5513698630136986,0.19792873718762358,97            ,15             ,131            ,161
