id                                                                  ,f2                ,prauc             ,precision         ,recall            ,f                 ,rocauc            ,sens              ,spec              ,brier              ,true_positives,false_negatives,false_positives,true_negatives
aggregation:::MODE_PRESENCE:::LABEL_H:::SYMP_TRUE:::CV_TRUE/sample22,0.7039187227866474,0.5204237397599937,0.4024896265560166,0.8660714285714286,0.5495750708215298,0.7703950587084148,0.8660714285714286,0.5068493150684932,0.22286055480621703,97            ,15             ,144            ,148
