id                                                                  ,f2                ,prauc             ,precision          ,recall            ,f                 ,rocauc            ,sens              ,spec              ,brier              ,true_positives,false_negatives,false_positives,true_negatives
aggregation:::MODE_PRESENCE:::LABEL_H:::SYMP_TRUE:::CV_TRUE/sample23,0.7334273624823696,0.5886677629182234,0.39846743295019155,0.9285714285714286,0.5576407506702412,0.8176675636007827,0.9285714285714286,0.4623287671232877,0.21376202758325846,104           ,8              ,157            ,135
