id                                                                 ,f2                ,prauc             ,precision         ,recall            ,f                 ,rocauc            ,sens              ,spec              ,brier              ,true_positives,false_negatives,false_positives,true_negatives
aggregation:::MODE_PRESENCE:::LABEL_H:::SYMP_TRUE:::CV_TRUE/sample3,0.6944444444444443,0.5854222491973979,0.4025423728813559,0.8482142857142857,0.5459770114942528,0.7835432974559686,0.8482142857142857,0.5171232876712328,0.21236156825796096,95            ,17             ,141            ,151
