id                                                                 ,f2                ,prauc             ,precision         ,recall            ,f                 ,rocauc            ,sens              ,spec              ,brier              ,true_positives,false_negatives,false_positives,true_negatives
naive_bayes:::MODE_PRESENCE:::LABEL_H:::SYMP_TRUE:::cv_TRUE/sample2,0.7345013477088949,0.5201407782015528,0.3707482993197279,0.9732142857142857,0.5369458128078818,0.7707161203522505,0.9732142857142857,0.3664383561643836,0.44045530016395346,109           ,3              ,185            ,107
