id                                                                  ,f2                ,prauc             ,precision         ,recall            ,f                 ,rocauc            ,sens              ,spec              ,brier              ,true_positives,false_negatives,false_positives,true_negatives
naive_bayes:::MODE_PRESENCE:::LABEL_H:::SYMP_TRUE:::cv_TRUE/sample25,0.7414965986394558,0.6192948461891824,0.3797909407665505,0.9732142857142857,0.5463659147869674,0.8056659735812133,0.9732142857142857,0.3904109589041096,0.40392445665507754,109           ,3              ,178            ,114
