id                                                                  ,f2                ,prauc             ,precision          ,recall            ,f                 ,rocauc            ,sens              ,spec,brier             ,true_positives,false_negatives,false_positives,true_negatives
naive_bayes:::MODE_PRESENCE:::LABEL_H:::SYMP_TRUE:::cv_TRUE/sample19,0.7388809182209469,0.5335082402628912,0.41365461847389556,0.9196428571428571,0.5706371191135734,0.7958506604696673,0.9196428571428571,0.5 ,0.3403127070148301,103           ,9              ,146            ,146
