id                                                                  ,f2                ,prauc             ,precision         ,recall            ,f                 ,rocauc           ,sens              ,spec              ,brier              ,true_positives,false_negatives,false_positives,true_negatives
naive_bayes:::MODE_PRESENCE:::LABEL_H:::SYMP_TRUE:::cv_TRUE/sample12,0.7308248914616496,0.6097381760886161,0.4156378600823045,0.9017857142857143,0.5690140845070423,0.799779843444227,0.9017857142857143,0.5136986301369864,0.33330956966525493,101           ,11             ,142            ,150
