id                                                                  ,f2                ,prauc             ,precision         ,recall            ,f                 ,rocauc            ,sens              ,spec             ,brier              ,true_positives,false_negatives,false_positives,true_negatives
aggregation:::MODE_PRESENCE:::LABEL_H:::SYMP_TRUE:::CV_TRUE/sample24,0.7293233082706767,0.6135942526246034,0.4470046082949309,0.8660714285714286,0.5896656534954408,0.8251284246575342,0.8660714285714286,0.589041095890411,0.18948121969050316,97            ,15             ,120            ,172
