id                                                             ,f2               ,prauc             ,precision         ,recall            ,f                 ,rocauc            ,sens              ,spec              ,brier              ,true_positives,false_negatives,false_positives,true_negatives
glmnet:::MODE_PRESENCE:::LABEL_H:::SYMP_TRUE:::cv_TRUE/sample26,0.635048231511254,0.5247643990930387,0.4540229885057471,0.7053571428571429,0.5524475524475525,0.7772749510763209,0.7053571428571429,0.6746575342465754,0.19205545479708938,79            ,33             ,95             ,197
