id                                                             ,f2                ,prauc            ,precision         ,recall            ,f                 ,rocauc            ,sens              ,spec              ,brier              ,true_positives,false_negatives,false_positives,true_negatives
glmnet:::MODE_PRESENCE:::LABEL_H:::SYMP_TRUE:::cv_TRUE/sample19,0.7133058984910837,0.366086621533961,0.3701067615658363,0.9285714285714286,0.5292620865139949,0.6538343933463796,0.9285714285714286,0.3938356164383562,0.21782493034043884,104           ,8              ,177            ,115
