id                                                                  ,f2                ,prauc            ,precision          ,recall            ,f                 ,rocauc            ,sens              ,spec              ,brier              ,true_positives,false_negatives,false_positives,true_negatives
naive_bayes:::MODE_PRESENCE:::LABEL_H:::SYMP_TRUE:::cv_TRUE/sample24,0.7437407952871871,0.620736353104366,0.43722943722943725,0.9017857142857143,0.5889212827988338,0.8231256115459883,0.9017857142857143,0.5547945205479452,0.29262187701984876,101           ,11             ,130            ,162
