id                                                            ,f2                ,prauc              ,precision         ,recall,f                 ,rocauc            ,sens  ,spec              ,brier              ,true_positives,false_negatives,false_positives,true_negatives
glmnet:::MODE_PRESENCE:::LABEL_H:::SYMP_TRUE:::cv_TRUE/sample8,0.7076205287713841,0.47476904787230906,0.4666666666666667,0.8125,0.5928338762214983,0.8170254403131115,0.8125,0.6438356164383562,0.18254044621087515,91            ,21             ,104            ,188
