id                                                                  ,f2                ,prauc             ,precision         ,recall            ,f                 ,rocauc            ,sens              ,spec              ,brier              ,true_positives,false_negatives,false_positives,true_negatives
aggregation:::MODE_PRESENCE:::LABEL_H:::SYMP_TRUE:::CV_TRUE/sample19,0.7276657060518732,0.5573464204857063,0.4105691056910569,0.9017857142857143,0.5642458100558659,0.8039077788649707,0.9017857142857143,0.5034246575342466,0.21044936541580775,101           ,11             ,145            ,147
