id                                                             ,f2                ,prauc             ,precision         ,recall,f                 ,rocauc            ,sens,spec              ,brier              ,true_positives,false_negatives,false_positives,true_negatives
glmnet:::MODE_PRESENCE:::LABEL_H:::SYMP_TRUE:::cv_TRUE/sample14,0.6687898089171974,0.6307812430841918,0.4666666666666667,0.75  ,0.5753424657534245,0.8099009295499021,0.75,0.6712328767123288,0.17650711026006316,84            ,28             ,96             ,196
