id                                                                  ,f2                ,prauc             ,precision          ,recall            ,f                 ,rocauc            ,sens              ,spec              ,brier             ,true_positives,false_negatives,false_positives,true_negatives
naive_bayes:::MODE_PRESENCE:::LABEL_H:::SYMP_TRUE:::cv_TRUE/sample26,0.7300884955752213,0.5226999000720184,0.43043478260869567,0.8839285714285714,0.5789473684210527,0.7787732387475538,0.8839285714285714,0.5513698630136986,0.3101655072226195,99            ,13             ,131            ,161
