id                                                             ,f2                ,prauc             ,precision         ,recall            ,f                 ,rocauc            ,sens              ,spec              ,brier             ,true_positives,false_negatives,false_positives,true_negatives
ranger:::MODE_PRESENCE:::LABEL_H:::SYMP_TRUE:::cv_TRUE/sample27,0.6228070175438596,0.6735832270730762,0.5819672131147541,0.6339285714285714,0.6068376068376068,0.8326810176125244,0.6339285714285714,0.8253424657534246,0.1535996471127614,71            ,41             ,51             ,241
