id                                                             ,f2                ,prauc             ,precision         ,recall            ,f                ,rocauc            ,sens              ,spec              ,brier              ,true_positives,false_negatives,false_positives,true_negatives
ranger:::MODE_PRESENCE:::LABEL_H:::SYMP_TRUE:::cv_TRUE/sample24,0.6462585034013606,0.6329337298977825,0.5428571428571428,0.6785714285714286,0.603174603174603,0.8298067514677103,0.6785714285714286,0.7808219178082192,0.15808186373415692,76            ,36             ,64             ,228
