id                                                             ,f2                ,prauc              ,precision         ,recall            ,f                 ,rocauc            ,sens              ,spec              ,brier             ,true_positives,false_negatives,false_positives,true_negatives
glmnet:::MODE_PRESENCE:::LABEL_H:::SYMP_TRUE:::cv_TRUE/sample16,0.5089285714285714,0.21304342865559192,0.5089285714285714,0.5089285714285714,0.5089285714285714,0.7421263454011742,0.5089285714285714,0.8116438356164384,0.2052891758580205,57            ,55             ,55             ,237
