id                                                                 ,f2                ,prauc             ,precision          ,recall            ,f                 ,rocauc            ,sens              ,spec              ,brier              ,true_positives,false_negatives,false_positives,true_negatives
naive_bayes:::MODE_PRESENCE:::LABEL_H:::SYMP_TRUE:::cv_TRUE/sample8,0.7563025210084032,0.5515672530608636,0.40601503759398494,0.9642857142857143,0.5714285714285714,0.8141205968688845,0.9642857142857143,0.4589041095890411,0.36820602466416463,108           ,4              ,158            ,134
