id                                                                  ,f2                ,prauc             ,precision          ,recall            ,f                 ,rocauc            ,sens              ,spec               ,brier              ,true_positives,false_negatives,false_positives,true_negatives
aggregation:::MODE_PRESENCE:::LABEL_H:::SYMP_TRUE:::CV_TRUE/sample30,0.7541899441340781,0.6517202384964352,0.40298507462686567,0.9642857142857143,0.5684210526315789,0.8441642120765832,0.9642857142857143,0.45017182130584193,0.20865615435175658,108           ,4              ,160            ,131
