id                                                             ,f2                ,prauc               ,precision         ,recall            ,f                 ,rocauc           ,sens              ,spec             ,brier             ,true_positives,false_negatives,false_positives,true_negatives
glmnet:::MODE_PRESENCE:::LABEL_H:::SYMP_TRUE:::cv_TRUE/sample18,0.7392473118279569,0.005793297717802684,0.3716216216216216,0.9821428571428571,0.5392156862745098,0.672578277886497,0.9821428571428571,0.363013698630137,0.2207395025675509,110           ,2              ,186            ,106
