id                                                             ,f2                ,prauc             ,precision         ,recall            ,f                 ,rocauc            ,sens              ,spec              ,brier              ,true_positives,false_negatives,false_positives,true_negatives
glmnet:::MODE_PRESENCE:::LABEL_H:::SYMP_TRUE:::cv_TRUE/sample12,0.6186440677966102,0.5089795063330582,0.5140845070422535,0.6517857142857143,0.5748031496062992,0.7818309686888454,0.6517857142857143,0.7636986301369864,0.19279102482436694,73            ,39             ,69             ,223
