id                                                            ,f2               ,prauc             ,precision         ,recall            ,f                 ,rocauc            ,sens              ,spec              ,brier              ,true_positives,false_negatives,false_positives,true_negatives
glmnet:::MODE_PRESENCE:::LABEL_H:::SYMP_TRUE:::cv_TRUE/sample4,0.535405872193437,0.5058195747568824,0.4732824427480916,0.5535714285714286,0.5102880658436214,0.7509173189823874,0.5535714285714286,0.7636986301369864,0.19283570161646219,62            ,50             ,69             ,223
