id                                                                 ,f2                ,prauc             ,precision         ,recall            ,f                 ,rocauc            ,sens              ,spec              ,brier              ,true_positives,false_negatives,false_positives,true_negatives
aggregation:::MODE_PRESENCE:::LABEL_H:::SYMP_TRUE:::CV_TRUE/sample7,0.6940298507462687,0.5840830515435714,0.4189189189189189,0.8303571428571429,0.5568862275449102,0.8000550391389433,0.8303571428571429,0.5582191780821918,0.20227322590464608,93            ,19             ,129            ,163
