id                                                                  ,f2                ,prauc             ,precision         ,recall            ,f                ,rocauc            ,sens              ,spec              ,brier             ,true_positives,false_negatives,false_positives,true_negatives
naive_bayes:::MODE_PRESENCE:::LABEL_H:::SYMP_TRUE:::cv_TRUE/sample30,0.7489597780859917,0.6182919549503562,0.3956043956043956,0.9642857142857143,0.561038961038961,0.8180381688757977,0.9642857142857143,0.4329896907216495,0.3913976631390426,108           ,4              ,165            ,126
