id                                                             ,f2               ,prauc              ,precision          ,recall            ,f                 ,rocauc            ,sens              ,spec              ,brier              ,true_positives,false_negatives,false_positives,true_negatives
glmnet:::MODE_PRESENCE:::LABEL_H:::SYMP_TRUE:::cv_TRUE/sample22,0.540765391014975,0.44426266226289823,0.42483660130718953,0.5803571428571429,0.4905660377358491,0.7167013209393347,0.5803571428571429,0.6986301369863014,0.22034335662943927,65            ,47             ,88             ,204
