id                                                                 ,f2                ,prauc             ,precision        ,recall            ,f                 ,rocauc            ,sens              ,spec             ,brier             ,true_positives,false_negatives,false_positives,true_negatives
naive_bayes:::MODE_PRESENCE:::LABEL_H:::SYMP_TRUE:::cv_TRUE/sample7,0.6964809384164222,0.5763075140485091,0.405982905982906,0.8482142857142857,0.5491329479768786,0.7866163160469667,0.8482142857142857,0.523972602739726,0.3275428718684236,95            ,17             ,139            ,153
