id                                                            ,f2                ,prauc             ,precision         ,recall            ,f                 ,rocauc            ,sens              ,spec              ,brier             ,true_positives,false_negatives,false_positives,true_negatives
glmnet:::MODE_PRESENCE:::LABEL_H:::SYMP_TRUE:::cv_TRUE/sample7,0.7022900763358779,0.4261890720910552,0.4444444444444444,0.8214285714285714,0.5768025078369906,0.7861423679060665,0.8214285714285714,0.6061643835616438,0.1883832427945073,92            ,20             ,115            ,177
