id                                                                 ,f2                ,prauc             ,precision         ,recall            ,f                 ,rocauc            ,sens              ,spec              ,brier             ,true_positives,false_negatives,false_positives,true_negatives
naive_bayes:::MODE_PRESENCE:::LABEL_H:::SYMP_TRUE:::cv_TRUE/sample6,0.7420749279538905,0.5551522965148037,0.4186991869918699,0.9196428571428571,0.5754189944134079,0.8122095156555773,0.9196428571428571,0.5102739726027398,0.3181816468814412,103           ,9              ,143            ,149
