id                                                                 ,f2                ,prauc             ,precision          ,recall            ,f                 ,rocauc            ,sens              ,spec              ,brier              ,true_positives,false_negatives,false_positives,true_negatives
naive_bayes:::MODE_PRESENCE:::LABEL_H:::SYMP_TRUE:::cv_TRUE/sample4,0.7438650306748468,0.5710920083069545,0.47549019607843135,0.8660714285714286,0.6139240506329114,0.8110934442270059,0.8660714285714286,0.6335616438356164,0.26756343656285214,97            ,15             ,107            ,185
