id                                                                  ,f2                ,prauc             ,precision         ,recall            ,f                ,rocauc            ,sens              ,spec              ,brier             ,true_positives,false_negatives,false_positives,true_negatives
naive_bayes:::MODE_PRESENCE:::LABEL_H:::SYMP_TRUE:::cv_TRUE/sample22,0.7122507122507122,0.4604352703555583,0.3937007874015748,0.8928571428571429,0.546448087431694,0.7596930039138943,0.8928571428571429,0.4726027397260274,0.3602869697242965,100           ,12             ,154            ,138
