id                                                                 ,f2                ,prauc             ,precision,recall            ,f                 ,rocauc           ,sens              ,spec              ,brier              ,true_positives,false_negatives,false_positives,true_negatives
aggregation:::MODE_PRESENCE:::LABEL_H:::SYMP_TRUE:::CV_TRUE/sample8,0.7528409090909092,0.6471950290822006,0.4140625,0.9464285714285714,0.5760869565217391,0.832833904109589,0.9464285714285714,0.4863013698630137,0.20331927605806058,106           ,6              ,150            ,142
