id                                                                 ,f2                ,prauc             ,precision         ,recall            ,f                 ,rocauc            ,sens              ,spec              ,brier              ,true_positives,false_negatives,false_positives,true_negatives
naive_bayes:::MODE_PRESENCE:::LABEL_H:::SYMP_TRUE:::cv_TRUE/sample9,0.7579972183588317,0.6197613753852663,0.4022140221402214,0.9732142857142857,0.5691906005221932,0.8298984833659491,0.9732142857142857,0.4452054794520548,0.36944576383040667,109           ,3              ,162            ,130
