id                                                                  ,f2                ,prauc            ,precision          ,recall            ,f                 ,rocauc           ,sens              ,spec              ,brier             ,true_positives,false_negatives,false_positives,true_negatives
naive_bayes:::MODE_PRESENCE:::LABEL_H:::SYMP_TRUE:::cv_TRUE/sample17,0.7387140902872777,0.595959110033237,0.38162544169611307,0.9642857142857143,0.5468354430379747,0.798143957925636,0.9642857142857143,0.4006849315068493,0.4138235398002152,108           ,4              ,175            ,117
