id                                                                  ,f2                ,prauc             ,precision,recall            ,f                 ,rocauc            ,sens              ,spec              ,brier              ,true_positives,false_negatives,false_positives,true_negatives
aggregation:::MODE_PRESENCE:::LABEL_H:::SYMP_TRUE:::CV_TRUE/sample16,0.6881405563689604,0.5644006168246417,0.4      ,0.8392857142857143,0.5417867435158502,0.7812805772994129,0.8392857142857143,0.5171232876712328,0.21062293978101965,94            ,18             ,141            ,151
