id                                                                  ,f2                ,prauc             ,precision          ,recall            ,f                 ,rocauc            ,sens              ,spec              ,brier              ,true_positives,false_negatives,false_positives,true_negatives
aggregation:::MODE_PRESENCE:::LABEL_H:::SYMP_TRUE:::CV_TRUE/sample29,0.6962962962962963,0.5556210205460873,0.41409691629955947,0.8392857142857143,0.5545722713864306,0.8054366438356164,0.8392857142857143,0.5445205479452054,0.20117230667828614,94            ,18             ,133            ,159
