id                                                            ,f2                ,prauc              ,precision,recall            ,f                ,rocauc           ,sens              ,spec             ,brier              ,true_positives,false_negatives,false_positives,true_negatives
ranger:::MODE_PRESENCE:::LABEL_H:::SYMP_TRUE:::cv_TRUE/sample2,0.5689655172413793,0.49457509027831836,0.5      ,0.5892857142857143,0.540983606557377,0.776174168297456,0.5892857142857143,0.773972602739726,0.17318118426674733,66            ,46             ,66             ,226
