id                                                                 ,f2                ,prauc             ,precision         ,recall            ,f                 ,rocauc           ,sens              ,spec              ,brier              ,true_positives,false_negatives,false_positives,true_negatives
naive_bayes:::MODE_PRESENCE:::LABEL_H:::SYMP_TRUE:::cv_TRUE/sample5,0.7348703170028819,0.5381401043259514,0.4146341463414634,0.9107142857142857,0.5698324022346368,0.796508072407045,0.9107142857142857,0.5068493150684932,0.31933587497548127,102           ,10             ,144            ,148
