id                                                            ,f2                ,prauc            ,precision         ,recall            ,f                 ,rocauc            ,sens              ,spec              ,brier              ,true_positives,false_negatives,false_positives,true_negatives
ranger:::MODE_PRESENCE:::LABEL_H:::SYMP_TRUE:::cv_TRUE/sample8,0.6206896551724138,0.620788219498182,0.5454545454545454,0.6428571428571429,0.5901639344262296,0.8274828767123288,0.6428571428571429,0.7945205479452054,0.15649514207331208,72            ,40             ,60             ,232
