id                                                            ,f2                ,prauc              ,precision          ,recall            ,f                 ,rocauc            ,sens              ,spec              ,brier              ,true_positives,false_negatives,false_positives,true_negatives
glmnet:::MODE_PRESENCE:::LABEL_H:::SYMP_TRUE:::cv_TRUE/sample6,0.7511045655375553,0.42859997477952844,0.44155844155844154,0.9107142857142857,0.5947521865889213,0.8081886007827789,0.9107142857142857,0.5582191780821918,0.19321012543135446,102           ,10             ,129            ,163
