method     ,mode         ,label  ,symptoms,f2_mean           ,f2_sd               ,prauc_mean         ,prauc_sd            ,prec_mean          ,prec_sd             ,rec_mean          ,rec_sd              ,roc_mean          ,roc_sd              ,sens_mean         ,sens_sd             ,spec_mean          ,spec_sd
aggregation,MODE_PRESENCE,LABEL_H,TRUE    ,0.7278544904636987,0.020640327838153706,0.5961467479405619 ,0.03589061777600822 ,0.41502332897685307,0.021478097171197776,0.8994047619047619,0.04741592556994152 ,0.8108355248815856,0.017912670149958263,0.8994047619047619,0.04741592556994152 ,0.5103139857835522 ,0.059949194504904664
glmnet     ,MODE_PRESENCE,LABEL_H,TRUE    ,0.6594046500600036,0.06565320616240743 ,0.43913599382979707,0.14390338063244762 ,0.4619297965558362 ,0.03506287201002991 ,0.7467261904761905,0.11165290523212806 ,0.7731878291700571,0.04219210665517699 ,0.7467261904761905,0.11165290523212806 ,0.6586883522415227 ,0.09546322191814215
naive_bayes,MODE_PRESENCE,LABEL_H,TRUE    ,0.731919684874882 ,0.017464788524893228,0.5659626496127487 ,0.039498796074785104,0.40316915636275047,0.021904585969178283,0.9217261904761904,0.04112917158868136 ,0.7982070984727743,0.017102760139582125,0.9217261904761904,0.04112917158868136 ,0.47297501922201823,0.061800085741911696
ranger     ,MODE_PRESENCE,LABEL_H,TRUE    ,0.6084652066218383,0.041424974662315046,0.5977920391279589 ,0.037831932366334364,0.5381264271948545 ,0.035814092085335265,0.6297619047619047,0.048380104688538435,0.8141477346599328,0.019045186121888824,0.6297619047619047,0.048380104688538435,0.7917117795666023 ,0.0264107560514899
