id                                                            ,f2                ,prauc             ,precision         ,recall            ,f                 ,rocauc            ,sens              ,spec              ,brier              ,true_positives,false_negatives,false_positives,true_negatives
ranger:::MODE_PRESENCE:::LABEL_H:::SYMP_TRUE:::cv_TRUE/sample4,0.5475763016157988,0.5986682996998625,0.5596330275229358,0.5446428571428571,0.5520361990950226,0.8263209393346379,0.5446428571428571,0.8356164383561644,0.15481265462382862,61            ,51             ,48             ,244
