id                                                                 ,f2                ,prauc             ,precision         ,recall            ,f                 ,rocauc           ,sens              ,spec             ,brier             ,true_positives,false_negatives,false_positives,true_negatives
aggregation:::MODE_PRESENCE:::LABEL_H:::SYMP_TRUE:::CV_TRUE/sample4,0.7198748043818467,0.5895590501073021,0.4816753926701571,0.8214285714285714,0.6072607260726073,0.820511252446184,0.8214285714285714,0.660958904109589,0.1781775351540303,92            ,20             ,99             ,193
