id                                                                  ,f2                ,prauc             ,precision         ,recall            ,f                 ,rocauc            ,sens              ,spec              ,brier              ,true_positives,false_negatives,false_positives,true_negatives
aggregation:::MODE_PRESENCE:::LABEL_H:::SYMP_TRUE:::CV_TRUE/sample26,0.7272727272727272,0.5817233570122131,0.4528301886792453,0.8571428571428571,0.5925925925925926,0.7924412915851272,0.8571428571428571,0.6027397260273972,0.19917711423118234,96            ,16             ,116            ,176
