id                                                             ,f2                ,prauc             ,precision         ,recall            ,f                 ,rocauc             ,sens              ,spec              ,brier              ,true_positives,false_negatives,false_positives,true_negatives
ranger:::MODE_PRESENCE:::LABEL_H:::SYMP_TRUE:::cv_TRUE/sample10,0.5913043478260869,0.5936511551491996,0.5354330708661418,0.6071428571428571,0.5690376569037657,0.79712812960235635,0.6071428571428571,0.7972508591065293,0.16768218304423008,68            ,44             ,59             ,232
