id                                                             ,f2                ,prauc             ,precision         ,recall            ,f                 ,rocauc            ,sens              ,spec              ,brier              ,true_positives,false_negatives,false_positives,true_negatives
glmnet:::MODE_PRESENCE:::LABEL_H:::SYMP_TRUE:::cv_TRUE/sample30,0.7016129032258064,0.3699313559939804,0.5058139534883721,0.7767857142857143,0.6126760563380281,0.8090022091310751,0.7767857142857143,0.7079037800687286,0.19051540190227562,87            ,25             ,85             ,206
