id                                                                  ,f2  ,prauc             ,precision          ,recall            ,f                 ,rocauc            ,sens              ,spec              ,brier              ,true_positives,false_negatives,false_positives,true_negatives
naive_bayes:::MODE_PRESENCE:::LABEL_H:::SYMP_TRUE:::cv_TRUE/sample13,0.75,0.5469515627752064,0.39705882352941174,0.9642857142857143,0.5624999999999999,0.7956213307240705,0.9642857142857143,0.4383561643835616,0.36746598390945423,108           ,4              ,164            ,128
