id                                                            ,f2                ,prauc             ,precision,recall            ,f                 ,rocauc            ,sens              ,spec              ,brier              ,true_positives,false_negatives,false_positives,true_negatives
ranger:::MODE_PRESENCE:::LABEL_H:::SYMP_TRUE:::cv_TRUE/sample3,0.5729166666666666,0.5983021860271635,0.515625 ,0.5892857142857143,0.5499999999999999,0.8005748532289628,0.5892857142857143,0.7876712328767124,0.16889208197146868,66            ,46             ,62             ,230
