id                                                             ,f2               ,prauc             ,precision         ,recall            ,f                 ,rocauc            ,sens              ,spec              ,brier              ,true_positives,false_negatives,false_positives,true_negatives
glmnet:::MODE_PRESENCE:::LABEL_H:::SYMP_TRUE:::cv_TRUE/sample17,0.703001579778831,0.5358200248255431,0.4810810810810811,0.7946428571428571,0.5993265993265993,0.7991377201565557,0.7946428571428571,0.6712328767123288,0.18501443351297228,89            ,23             ,96             ,196
