id                                                             ,f2                ,prauc             ,precision,recall            ,f                 ,rocauc            ,sens              ,spec             ,brier             ,true_positives,false_negatives,false_positives,true_negatives
ranger:::MODE_PRESENCE:::LABEL_H:::SYMP_TRUE:::cv_TRUE/sample15,0.6423611111111112,0.6201400506935554,0.578125 ,0.6607142857142857,0.6166666666666667,0.8362279843444227,0.6607142857142857,0.815068493150685,0.1576104665654324,74            ,38             ,54             ,238
