id                                                             ,f2                ,prauc              ,precision         ,recall            ,f                 ,rocauc            ,sens              ,spec              ,brier              ,true_positives,false_negatives,false_positives,true_negatives
glmnet:::MODE_PRESENCE:::LABEL_H:::SYMP_TRUE:::cv_TRUE/sample21,0.6610942249240122,0.40085653052413683,0.4142857142857143,0.7767857142857143,0.5403726708074534,0.7818309686888454,0.7767857142857143,0.5787671232876712,0.19461719730121763,87            ,25             ,123            ,169
