id                                                             ,f2                ,prauc             ,precision         ,recall,f                 ,rocauc            ,sens  ,spec              ,brier              ,true_positives,false_negatives,false_positives,true_negatives
ranger:::MODE_PRESENCE:::LABEL_H:::SYMP_TRUE:::cv_TRUE/sample25,0.5403087478559176,0.5629326587432846,0.4666666666666667,0.5625,0.5101214574898785,0.7941536203522505,0.5625,0.7534246575342466,0.17027694817020084,63            ,49             ,72             ,220
