id                                                                  ,f2                ,prauc            ,precision          ,recall            ,f                 ,rocauc            ,sens              ,spec              ,brier              ,true_positives,false_negatives,false_positives,true_negatives
aggregation:::MODE_PRESENCE:::LABEL_H:::SYMP_TRUE:::CV_TRUE/sample11,0.7567185289957568,0.587920526089241,0.41312741312741313,0.9553571428571429,0.5768194070080863,0.8184931506849316,0.9553571428571429,0.4794520547945205,0.20640245859966222,107           ,5              ,152            ,140
