id                                                             ,f2                ,prauc             ,precision         ,recall            ,f                 ,rocauc            ,sens              ,spec             ,brier              ,true_positives,false_negatives,false_positives,true_negatives
ranger:::MODE_PRESENCE:::LABEL_H:::SYMP_TRUE:::cv_TRUE/sample17,0.6117021276595745,0.5869814402376777,0.5948275862068966,0.6160714285714286,0.6052631578947368,0.8068126223091977,0.6160714285714286,0.839041095890411,0.16348536633663366,69            ,43             ,47             ,245
