id                                                                  ,f2                ,prauc             ,precision          ,recall            ,f                 ,rocauc            ,sens              ,spec              ,brier              ,true_positives,false_negatives,false_positives,true_negatives
aggregation:::MODE_PRESENCE:::LABEL_H:::SYMP_TRUE:::CV_TRUE/sample25,0.7422969187675069,0.6188030704935472,0.39849624060150374,0.9464285714285714,0.5608465608465608,0.8084637964774951,0.9464285714285714,0.4520547945205479,0.22218510445129228,106           ,6              ,160            ,132
