id                                                                 ,f2                ,prauc             ,precision         ,recall            ,f                ,rocauc            ,sens              ,spec              ,brier             ,true_positives,false_negatives,false_positives,true_negatives
aggregation:::MODE_PRESENCE:::LABEL_H:::SYMP_TRUE:::CV_TRUE/sample9,0.7507082152974505,0.6425127081264536,0.4108527131782946,0.9464285714285714,0.572972972972973,0.8462573385518591,0.9464285714285714,0.4794520547945205,0.2029774170251945,106           ,6              ,152            ,140
