id                                                             ,f2                ,prauc             ,precision         ,recall            ,f                 ,rocauc            ,sens              ,spec              ,brier              ,true_positives,false_negatives,false_positives,true_negatives
glmnet:::MODE_PRESENCE:::LABEL_H:::SYMP_TRUE:::cv_TRUE/sample10,0.6714060031595577,0.5539619868119883,0.4594594594594595,0.7589285714285714,0.5723905723905724,0.7823699067255768,0.7589285714285714,0.6563573883161512,0.19339329317716533,85            ,27             ,100            ,191
