id                                                                  ,f2                ,prauc             ,precision         ,recall            ,f                 ,rocauc            ,sens              ,spec              ,brier             ,true_positives,false_negatives,false_positives,true_negatives
aggregation:::MODE_PRESENCE:::LABEL_H:::SYMP_TRUE:::CV_TRUE/sample18,0.7426470588235295,0.5872608954159421,0.4353448275862069,0.9017857142857143,0.5872093023255814,0.7980063600782779,0.9017857142857143,0.5513698630136986,0.2039910567495655,101           ,11             ,131            ,161
