id                                                             ,f2                ,prauc             ,precision         ,recall            ,f                 ,rocauc            ,sens              ,spec              ,brier              ,true_positives,false_negatives,false_positives,true_negatives
ranger:::MODE_PRESENCE:::LABEL_H:::SYMP_TRUE:::cv_TRUE/sample20,0.6610169491525424,0.5936640306169246,0.5492957746478874,0.6964285714285714,0.6141732283464568,0.8351435935198822,0.6964285714285714,0.7800687285223368,0.16270398876771064,78            ,34             ,64             ,227
