id                                                                  ,f2                ,prauc             ,precision         ,recall            ,f                 ,rocauc            ,sens              ,spec              ,brier              ,true_positives,false_negatives,false_positives,true_negatives
aggregation:::MODE_PRESENCE:::LABEL_H:::SYMP_TRUE:::CV_TRUE/sample10,0.7391304347826086,0.6047255340568835,0.4214876033057851,0.9107142857142857,0.5762711864406779,0.8125920471281296,0.9107142857142857,0.5189003436426117,0.20832423063852823,102           ,10             ,140            ,151
