id                                                             ,f2                ,prauc              ,precision         ,recall            ,f                 ,rocauc            ,sens              ,spec              ,brier              ,true_positives,false_negatives,false_positives,true_negatives
ranger:::MODE_PRESENCE:::LABEL_H:::SYMP_TRUE:::cv_TRUE/sample11,0.5683836589698046,0.61806690452697155,0.5565217391304348,0.5714285714285714,0.5638766519823788,0.8172394814090019,0.5714285714285714,0.8253424657534246,0.16002405579635617,64            ,48             ,51             ,241
