id                                                                  ,f2                ,prauc             ,precision          ,recall            ,f                ,rocauc            ,sens              ,spec              ,brier              ,true_positives,false_negatives,false_positives,true_negatives
aggregation:::MODE_PRESENCE:::LABEL_H:::SYMP_TRUE:::CV_TRUE/sample21,0.7014925373134329,0.6421719234019018,0.42342342342342343,0.8392857142857143,0.562874251497006,0.8071183953033269,0.8392857142857143,0.5616438356164384,0.19995696639780408,94            ,18             ,128            ,164
