id                                                                  ,f2                ,prauc             ,precision          ,recall            ,f                 ,rocauc            ,sens              ,spec             ,brier             ,true_positives,false_negatives,false_positives,true_negatives
naive_bayes:::MODE_PRESENCE:::LABEL_H:::SYMP_TRUE:::cv_TRUE/sample23,0.7417582417582418,0.5451573462630549,0.38571428571428573,0.9642857142857143,0.5510204081632653,0.7943217954990215,0.9642857142857143,0.410958904109589,0.3940325852463022,108           ,4              ,172            ,120
