id                                                                  ,f2                ,prauc             ,precision         ,recall            ,f                 ,rocauc            ,sens              ,spec              ,brier              ,true_positives,false_negatives,false_positives,true_negatives
naive_bayes:::MODE_PRESENCE:::LABEL_H:::SYMP_TRUE:::cv_TRUE/sample27,0.7162726008344924,0.6381959318700212,0.3800738007380074,0.9196428571428571,0.5378590078328982,0.8185848825831702,0.9196428571428571,0.4246575342465753,0.38152218697869217,103           ,9              ,168            ,124
