id                                                             ,f2                ,prauc             ,precision         ,recall            ,f                 ,rocauc            ,sens              ,spec              ,brier              ,true_positives,false_negatives,false_positives,true_negatives
glmnet:::MODE_PRESENCE:::LABEL_H:::SYMP_TRUE:::cv_TRUE/sample20,0.5612244897959184,0.1656034198558462,0.4714285714285714,0.5892857142857143,0.5238095238095238,0.7215114138438882,0.5892857142857143,0.7457044673539519,0.21516109166263467,66            ,46             ,74             ,217
