id                                                                  ,f2                ,prauc             ,precision          ,recall            ,f                 ,rocauc            ,sens              ,spec              ,brier             ,true_positives,false_negatives,false_positives,true_negatives
naive_bayes:::MODE_PRESENCE:::LABEL_H:::SYMP_TRUE:::cv_TRUE/sample29,0.7215007215007216,0.5769053037165718,0.40816326530612246,0.8928571428571429,0.5602240896358545,0.7979910714285714,0.8928571428571429,0.5034246575342466,0.3293454470867393,100           ,12             ,145            ,147
