id                                                                 ,f2                ,prauc             ,precision         ,recall            ,f                 ,rocauc            ,sens              ,spec              ,brier             ,true_positives,false_negatives,false_positives,true_negatives
aggregation:::MODE_PRESENCE:::LABEL_H:::SYMP_TRUE:::CV_TRUE/sample6,0.7467057101024891,0.5921637203318217,0.4340425531914894,0.9107142857142857,0.5878962536023055,0.8319777397260274,0.9107142857142857,0.5445205479452054,0.1993958512900831,102           ,10             ,133            ,159
