id                                                            ,f2                ,prauc              ,precision          ,recall            ,f                 ,rocauc            ,sens              ,spec              ,brier              ,true_positives,false_negatives,false_positives,true_negatives
glmnet:::MODE_PRESENCE:::LABEL_H:::SYMP_TRUE:::cv_TRUE/sample1,0.5313588850174216,0.18127169243463537,0.48412698412698413,0.5446428571428571,0.5126050420168068,0.7114726027397261,0.5446428571428571,0.7773972602739726,0.21614015144863377,61            ,51             ,65             ,227
