id                                                                  ,f2               ,prauc             ,precision         ,recall            ,f                 ,rocauc            ,sens              ,spec              ,brier              ,true_positives,false_negatives,false_positives,true_negatives
aggregation:::MODE_PRESENCE:::LABEL_H:::SYMP_TRUE:::CV_TRUE/sample14,0.745125348189415,0.6422067849939112,0.3962962962962963,0.9553571428571429,0.5602094240837697,0.8173617906066536,0.9553571428571429,0.4417808219178082,0.21744997196179644,107           ,5              ,163            ,129
