id                                                                 ,f2                ,prauc             ,precision          ,recall            ,f                 ,rocauc            ,sens              ,spec              ,brier              ,true_positives,false_negatives,false_positives,true_negatives
aggregation:::MODE_PRESENCE:::LABEL_H:::SYMP_TRUE:::CV_TRUE/sample5,0.7174556213017753,0.5780592488867872,0.42543859649122806,0.8660714285714286,0.5705882352941177,0.8098091976516634,0.8660714285714286,0.5513698630136986,0.20091779184687822,97            ,15             ,131            ,161
