id                                                             ,f2               ,prauc              ,precision         ,recall            ,f                 ,rocauc            ,sens              ,spec              ,brier              ,true_positives,false_negatives,false_positives,true_negatives
glmnet:::MODE_PRESENCE:::LABEL_H:::SYMP_TRUE:::cv_TRUE/sample24,0.721884498480243,0.38464053917639196,0.4523809523809524,0.8482142857142857,0.5900621118012422,0.7971960616438356,0.8482142857142857,0.6061643835616438,0.18732012614409058,95            ,17             ,115            ,177
