id                                                                  ,f2                ,prauc             ,precision         ,recall            ,f                 ,rocauc            ,sens              ,spec              ,brier             ,true_positives,false_negatives,false_positives,true_negatives
naive_bayes:::MODE_PRESENCE:::LABEL_H:::SYMP_TRUE:::cv_TRUE/sample20,0.7345013477088949,0.5673741099861419,0.3707482993197279,0.9732142857142857,0.5369458128078818,0.8094010800196367,0.9732142857142857,0.3642611683848797,0.4228747634015666,109           ,3              ,185            ,106
