id                                                                  ,f2                ,prauc             ,precision         ,recall            ,f                 ,rocauc           ,sens              ,spec              ,brier             ,true_positives,false_negatives,false_positives,true_negatives
naive_bayes:::MODE_PRESENCE:::LABEL_H:::SYMP_TRUE:::cv_TRUE/sample14,0.7384823848238483,0.5831092299005756,0.3758620689655172,0.9732142857142857,0.5422885572139303,0.814135885518591,0.9732142857142857,0.3801369863013699,0.4201510397539096,109           ,3              ,181            ,111
