id                                                                  ,f2                ,prauc             ,precision         ,recall            ,f                 ,rocauc          ,sens              ,spec              ,brier             ,true_positives,false_negatives,false_positives,true_negatives
aggregation:::MODE_PRESENCE:::LABEL_H:::SYMP_TRUE:::CV_TRUE/sample28,0.7383040935672516,0.5960035128663093,0.4279661016949153,0.9017857142857143,0.5804597701149425,0.81737707925636,0.9017857142857143,0.5376712328767124,0.1995081245170882,101           ,11             ,135            ,157
