id                                                             ,f2               ,prauc             ,precision         ,recall            ,f                 ,rocauc           ,sens              ,spec             ,brier             ,true_positives,false_negatives,false_positives,true_negatives
glmnet:::MODE_PRESENCE:::LABEL_H:::SYMP_TRUE:::cv_TRUE/sample29,0.685483870967742,0.5054680444784486,0.4941860465116279,0.7589285714285714,0.5985915492957746,0.790667808219178,0.7589285714285714,0.702054794520548,0.1881222180079999,85            ,27             ,87             ,205
