id                                                                  ,f2                ,prauc             ,precision         ,recall            ,f                 ,rocauc            ,sens              ,spec              ,brier              ,true_positives,false_negatives,false_positives,true_negatives
naive_bayes:::MODE_PRESENCE:::LABEL_H:::SYMP_TRUE:::cv_TRUE/sample18,0.7383040935672516,0.5509940279228236,0.4279661016949153,0.9017857142857143,0.5804597701149425,0.7866010273972602,0.9017857142857143,0.5376712328767124,0.31658950686490517,101           ,11             ,135            ,157
