id                                                            ,f2                ,prauc             ,precision         ,recall            ,f                 ,rocauc            ,sens              ,spec             ,brier             ,true_positives,false_negatives,false_positives,true_negatives
ranger:::MODE_PRESENCE:::LABEL_H:::SYMP_TRUE:::cv_TRUE/sample6,0.6864406779661016,0.6065627664156527,0.5704225352112676,0.7232142857142857,0.6377952755905512,0.8316108121330724,0.7232142857142857,0.791095890410959,0.1622585672105074,81            ,31             ,61             ,231
