id                                                                 ,f2               ,prauc            ,precision         ,recall,f               ,rocauc            ,sens ,spec              ,brier             ,true_positives,false_negatives,false_positives,true_negatives
naive_bayes:::MODE_PRESENCE:::LABEL_H:::SYMP_TRUE:::cv_TRUE/sample3,0.698005698005698,0.512942761548848,0.3858267716535433,0.875 ,0.53551912568306,0.7686521526418787,0.875,0.4657534246575342,0.3539118380216089,98            ,14             ,156            ,136
