id                                                             ,f2                ,prauc             ,precision,recall            ,f                 ,rocauc            ,sens              ,spec             ,brier              ,true_positives,false_negatives,false_positives,true_negatives
ranger:::MODE_PRESENCE:::LABEL_H:::SYMP_TRUE:::cv_TRUE/sample21,0.5989583333333333,0.6470960941378205,0.5390625,0.6160714285714286,0.5750000000000001,0.8307546477495108,0.6160714285714286,0.797945205479452,0.15768301344176922,69            ,43             ,59             ,233
