id                                                             ,f2               ,prauc            ,precision         ,recall,f                 ,rocauc            ,sens ,spec              ,brier              ,true_positives,false_negatives,false_positives,true_negatives
ranger:::MODE_PRESENCE:::LABEL_H:::SYMP_TRUE:::cv_TRUE/sample16,0.596252129471891,0.573364037540497,0.5035971223021583,0.625 ,0.5577689243027888,0.7918297455968689,0.625,0.7636986301369864,0.16950671163415526,70            ,42             ,69             ,223
