id                                                             ,f2                ,prauc             ,precision          ,recall,f                 ,rocauc            ,sens,spec             ,brier            ,true_positives,false_negatives,false_positives,true_negatives
glmnet:::MODE_PRESENCE:::LABEL_H:::SYMP_TRUE:::cv_TRUE/sample15,0.6709265175718849,0.5790775533912952,0.47191011235955055,0.75  ,0.5793103448275861,0.8025318003913894,0.75,0.678082191780822,0.185101809582465,84            ,28             ,94             ,198
