id                                                                  ,f2                ,prauc             ,precision,recall            ,f                 ,rocauc            ,sens              ,spec               ,brier              ,true_positives,false_negatives,false_positives,true_negatives
aggregation:::MODE_PRESENCE:::LABEL_H:::SYMP_TRUE:::CV_TRUE/sample20,0.7336956521739131,0.5904822333771904,0.375    ,0.9642857142857143,0.5399999999999999,0.8204774177712322,0.9642857142857143,0.38144329896907214,0.22864044376105697,108           ,4              ,180            ,111
