id                                                                  ,f2                ,prauc             ,precision         ,recall            ,f                 ,rocauc            ,sens              ,spec              ,brier              ,true_positives,false_negatives,false_positives,true_negatives
aggregation:::MODE_PRESENCE:::LABEL_H:::SYMP_TRUE:::CV_TRUE/sample17,0.7409972299168975,0.6013138547781078,0.3905109489051095,0.9553571428571429,0.5544041450777203,0.8174229452054794,0.9553571428571429,0.4280821917808219,0.21609494286442105,107           ,5              ,167            ,125
