id                                                             ,f2                ,prauc             ,precision         ,recall            ,f                 ,rocauc            ,sens              ,spec              ,brier              ,true_positives,false_negatives,false_positives,true_negatives
ranger:::MODE_PRESENCE:::LABEL_H:::SYMP_TRUE:::cv_TRUE/sample30,0.6810344827586208,0.6542198481849735,0.5984848484848485,0.7053571428571429,0.6475409836065574,0.8465267550319097,0.7053571428571429,0.8178694158075601,0.15312698971247188,79            ,33             ,53             ,238
