id                                                                 ,f2                ,prauc             ,precision          ,recall            ,f                 ,rocauc            ,sens              ,spec              ,brier             ,true_positives,false_negatives,false_positives,true_negatives
aggregation:::MODE_PRESENCE:::LABEL_H:::SYMP_TRUE:::CV_TRUE/sample2,0.7387140902872777,0.5205089001132133,0.38162544169611307,0.9642857142857143,0.5468354430379747,0.7810665362035225,0.9642857142857143,0.4006849315068493,0.2315156925749926,108           ,4              ,175            ,117
