id                                                                  ,f2                ,prauc             ,precision         ,recall            ,f                 ,rocauc            ,sens              ,spec              ,brier             ,true_positives,false_negatives,false_positives,true_negatives
naive_bayes:::MODE_PRESENCE:::LABEL_H:::SYMP_TRUE:::cv_TRUE/sample11,0.7558945908460472,0.6001361273585101,0.3992673992673993,0.9732142857142857,0.5662337662337663,0.8092435176125244,0.9732142857142857,0.4383561643835616,0.3763197735713328,109           ,3              ,164            ,128
