id                                                             ,f2                ,prauc              ,precision         ,recall            ,f                 ,rocauc            ,sens              ,spec             ,brier              ,true_positives,false_negatives,false_positives,true_negatives
glmnet:::MODE_PRESENCE:::LABEL_H:::SYMP_TRUE:::cv_TRUE/sample13,0.6518282988871225,0.36035626382977565,0.4530386740331492,0.7321428571428571,0.5597269624573378,0.7586839530332681,0.7321428571428571,0.660958904109589,0.20245909318815183,82            ,30             ,99             ,193
