id                                                             ,f2                ,prauc             ,precision          ,recall            ,f                 ,rocauc            ,sens              ,spec             ,brier              ,true_positives,false_negatives,false_positives,true_negatives
glmnet:::MODE_PRESENCE:::LABEL_H:::SYMP_TRUE:::cv_TRUE/sample11,0.6645056726094003,0.4982121168537642,0.48520710059171596,0.7321428571428571,0.5836298932384342,0.7853626467710372,0.7321428571428571,0.702054794520548,0.18507433672770993,82            ,30             ,87             ,205
