id                                                             ,f2                ,prauc             ,precision          ,recall            ,f                 ,rocauc            ,sens              ,spec              ,brier             ,true_positives,false_negatives,false_positives,true_negatives
ranger:::MODE_PRESENCE:::LABEL_H:::SYMP_TRUE:::cv_TRUE/sample22,0.5536912751677853,0.5127597407456115,0.44594594594594594,0.5892857142857143,0.5076923076923077,0.7740337573385518,0.5892857142857143,0.7191780821917808,0.1775542147491775,66            ,46             ,82             ,210
