id                                                                 ,f2                ,prauc             ,precision         ,recall            ,f                 ,rocauc            ,sens              ,spec             ,brier              ,true_positives,false_negatives,false_positives,true_negatives
aggregation:::MODE_PRESENCE:::LABEL_H:::SYMP_TRUE:::CV_TRUE/sample1,0.7090643274853802,0.5901405791628965,0.4110169491525424,0.8660714285714286,0.5574712643678161,0.7985567514677103,0.8660714285714286,0.523972602739726,0.21028947200724543,97            ,15             ,139            ,153
