id                                                             ,f2                ,prauc             ,precision         ,recall            ,f                 ,rocauc            ,sens              ,spec             ,brier              ,true_positives,false_negatives,false_positives,true_negatives
glmnet:::MODE_PRESENCE:::LABEL_H:::SYMP_TRUE:::cv_TRUE/sample23,0.7120253164556962,0.5584352951061552,0.4891304347826087,0.8035714285714286,0.6081081081081082,0.8151908023483366,0.8035714285714286,0.678082191780822,0.17847600863466595,90            ,22             ,94             ,198
